Serial Number,HW Identifier,Model Number,Model Description,QTY,Family,City,State,Price(Rs)
xxxxx,901,CPU (Central Processing Unit),CPU (Central Processing Unit),1,CONNECTRIX,BANGALORE,KARNATAKA,200xxx
xxxxx,902,RAM,RAM,1,CONNECTRIX,BANGALORE,KARNATAKA,200xxx
xxxxx,903,Storage,Storage,1,CONNECTRIX,BANGALORE,KARNATAKA,200xxx
xxxxx,904,GPU,GPU,1,CONNECTRIX,BANGALORE,KARNATAKA,200xxx
xxxxx,905,Motherboard & Chipset,Motherboard & Chipset,1,CONNECTRIX,BANGALORE,KARNATAKA,200xxx
xxxxx,906,Network Inerface Cards,Network Inerface Cards,1,CONNECTRIX,BANGALORE,KARNATAKA,200xxx
xxxxx,907,Power Supply & Laptop,Power Supply & Laptop,1,CONNECTRIX,BANGALORE,KARNATAKA,200xxx
xxxxx,908,Peripheral Interfaces,Peripheral Interfaces,1,CONNECTRIX,BANGALORE,KARNATAKA,200xxx
xxxxx,909,Cooling System,Cooling System,1,CONNECTRIX,BANGALORE,KARNATAKA,200xxx
